{"cameraMode":{"drawMode":0,"name":"Shaded","section":"Shading Mode"},"sceneLighting":true,"audioPlay":false,"sceneViewState":{"m_AlwaysRefresh":false,"showFog":true,"showSkybox":true,"showFlares":true,"showImageEffects":true,"showParticleSystems":true,"showVisualEffectGraphs":true,"m_FxEnabled":true},"in2DMode":false,"pivot":{"x":-0.41969791054725649,"y":1.043563723564148,"z":-9.904158592224121},"rotation":{"x":-0.1407598853111267,"y":0.03356746584177017,"z":-0.004787338897585869,"w":-0.9894788861274719},"size":1.2846095561981202,"orthographic":false}