{"cameraMode":{"drawMode":0,"name":"Shaded","section":"Shading Mode"},"sceneLighting":false,"audioPlay":false,"sceneViewState":{"m_AlwaysRefresh":false,"showFog":true,"showSkybox":true,"showFlares":true,"showImageEffects":true,"showParticleSystems":true,"showVisualEffectGraphs":true,"m_FxEnabled":true},"in2DMode":false,"pivot":{"x":-90.81111907958985,"y":26.53316879272461,"z":-209.30027770996095},"rotation":{"x":0.03168594092130661,"y":-0.9683359861373901,"z":0.17804613709449769,"w":0.17320780456066132},"size":15.472794532775879,"orthographic":false}