{"cameraMode":{"drawMode":0,"name":"Shaded","section":"Shading Mode"},"sceneLighting":false,"audioPlay":false,"sceneViewState":{"m_AlwaysRefresh":false,"showFog":true,"showSkybox":false,"showFlares":true,"showImageEffects":true,"showParticleSystems":true,"showVisualEffectGraphs":true,"m_FxEnabled":true},"in2DMode":false,"pivot":{"x":-0.34895896911621096,"y":-0.00001810868525353726,"z":-5.1006622314453129},"rotation":{"x":0.40685194730758669,"y":0.12568546831607819,"z":-0.056673843413591388,"w":0.9030297994613648},"size":239.8757781982422,"orthographic":false}